Training Set Used (%),Training Time (s)
10,0.008000135
20,0.014999866
30,0.01699996
40,0.019999981
50,0.026000023
60,0.031000137
70,0.039999962
80,0.04700017
90,0.046999931
