max_depth, cross_val_score, testing_score, training_time
2,0.830694666,0.920966767,3.722000122
3,0.822598522,1,5.143999815
4,0.824531699,1,6.838999987
5,0.833535217,1,7.060000181
6,0.831299144,1,7.17599988
7,0.835045623,1,7.713999987
8,0.839879288,1,7.467999935
9,0.819819913,1,7.623000145
10,0.808882243,1,7.25
11,0.808217631,1,0.144999981
